<?xml version='1.0' encoding='UTF-8'?>
<?artifactRepository version='1.1.0'?>
<repository name='Bundle pool' type='org.eclipse.equinox.p2.artifact.repository.simpleRepository' version='1'>
  <properties size='2'>
    <property name='p2.system' value='true'/>
    <property name='p2.timestamp' value='1652265914736'/>
  </properties>
  <mappings size='3'>
    <rule filter='(&amp; (classifier=osgi.bundle))' output='${repoUrl}/plugins/${id}_${version}.jar'/>
    <rule filter='(&amp; (classifier=binary))' output='${repoUrl}/binary/${id}_${version}'/>
    <rule filter='(&amp; (classifier=org.eclipse.update.feature))' output='${repoUrl}/features/${id}_${version}.jar'/>
  </mappings>
  <artifacts size='54'>
    <artifact classifier='osgi.bundle' id='fr.lip6.pnml.framework.utils' version='2.2.16'>
      <properties size='1'>
        <property name='download.size' value='56541'/>
      </properties>
    </artifact>
    <artifact classifier='osgi.bundle' id='fr.lip6.move.gal.logic.saxparse' version='1.0.0.202205111006'>
      <properties size='1'>
        <property name='download.size' value='11646'/>
      </properties>
    </artifact>
    <artifact classifier='osgi.bundle' id='fr.lip6.move.gal' version='1.0.0.202205111006'>
      <properties size='1'>
        <property name='download.size' value='952610'/>
      </properties>
    </artifact>
    <artifact classifier='osgi.bundle' id='fr.lip6.pnml.framework.ptnet' version='2.2.16'>
      <properties size='1'>
        <property name='download.size' value='309324'/>
      </properties>
    </artifact>
    <artifact classifier='osgi.bundle' id='org.eclipse.xtend.lib' version='2.26.0.v20220228-0748'>
      <properties size='1'>
        <property name='download.size' value='110696'/>
      </properties>
    </artifact>
    <artifact classifier='osgi.bundle' id='fr.lip6.move.gal.process' version='1.0.0.202205111006'>
      <properties size='1'>
        <property name='download.size' value='9434'/>
      </properties>
    </artifact>
    <artifact classifier='osgi.bundle' id='fr.lip6.move.gal.itscl.application' version='1.0.0.202205111044'>
      <properties size='1'>
        <property name='download.size' value='7869'/>
      </properties>
    </artifact>
    <artifact classifier='osgi.bundle' id='org.eclipse.xtext.xbase.lib' version='2.26.0.v20220228-0748'>
      <properties size='1'>
        <property name='download.size' value='164400'/>
      </properties>
    </artifact>
    <artifact classifier='osgi.bundle' id='fr.lip6.move.gal.gal2smt' version='1.0.0.202205111006'>
      <properties size='1'>
        <property name='download.size' value='104234'/>
      </properties>
    </artifact>
    <artifact classifier='osgi.bundle' id='fr.lip6.move.gal.pnml.togal' version='1.0.0.202205111006'>
      <properties size='1'>
        <property name='download.size' value='62711'/>
      </properties>
    </artifact>
    <artifact classifier='osgi.bundle' id='org.eclipse.equinox.launcher.gtk.linux.x86_64' version='1.2.400.v20211117-0650'>
      <properties size='1'>
        <property name='download.size' value='86068'/>
      </properties>
      <repositoryProperties size='1'>
        <property name='artifact.folder' value='true'/>
      </repositoryProperties>
    </artifact>
    <artifact classifier='osgi.bundle' id='org.eclipse.equinox.launcher' version='1.6.400.v20210924-0641'>
      <properties size='1'>
        <property name='download.size' value='53913'/>
      </properties>
    </artifact>
    <artifact classifier='osgi.bundle' id='org.eclipse.equinox.app' version='1.6.100.v20211021-1418'>
      <properties size='1'>
        <property name='download.size' value='91280'/>
      </properties>
    </artifact>
    <artifact classifier='osgi.bundle' id='org.apache.commons.logging' version='1.2.0.v20180409-1502'>
      <properties size='1'>
        <property name='download.size' value='73163'/>
      </properties>
    </artifact>
    <artifact classifier='osgi.bundle' id='javax.activation' version='1.2.2.v20201119-1642'>
      <properties size='1'>
        <property name='download.size' value='84701'/>
      </properties>
    </artifact>
    <artifact classifier='osgi.bundle' id='org.antlr.runtime' version='3.2.0.v201101311130'>
      <properties size='1'>
        <property name='download.size' value='213045'/>
      </properties>
    </artifact>
    <artifact classifier='osgi.bundle' id='com.google.guava' version='30.1.0.v20210127-2300'>
      <properties size='1'>
        <property name='download.size' value='3034767'/>
      </properties>
    </artifact>
    <artifact classifier='osgi.bundle' id='fr.lip6.move.gal.louvain.binaries' version='1.0.0.202205111006'>
      <properties size='1'>
        <property name='download.size' value='3100555'/>
      </properties>
      <repositoryProperties size='1'>
        <property name='artifact.folder' value='true'/>
      </repositoryProperties>
    </artifact>
    <artifact classifier='osgi.bundle' id='fr.lip6.move.gal.cegar' version='1.0.0.202205111006'>
      <properties size='1'>
        <property name='download.size' value='40172'/>
      </properties>
    </artifact>
    <artifact classifier='org.eclipse.update.feature' id='fr.lip6.move.gal.itscl.feature' version='1.0.0.202205111044'>
      <properties size='1'>
        <property name='download.size' value='6006'/>
      </properties>
      <repositoryProperties size='1'>
        <property name='artifact.folder' value='true'/>
      </repositoryProperties>
    </artifact>
    <artifact classifier='osgi.bundle' id='lip6.smtlib.SMT' version='1.0.0.202205111006'>
      <properties size='1'>
        <property name='download.size' value='423863'/>
      </properties>
    </artifact>
    <artifact classifier='osgi.bundle' id='org.eclipse.xtext.util' version='2.26.0.v20220228-0751'>
      <properties size='1'>
        <property name='download.size' value='312496'/>
      </properties>
    </artifact>
    <artifact classifier='osgi.bundle' id='fr.lip6.move.gal.pn2pins' version='1.0.0.202205111006'>
      <properties size='1'>
        <property name='download.size' value='25089'/>
      </properties>
    </artifact>
    <artifact classifier='osgi.bundle' id='fr.lip6.pnml.framework.symmetricnet' version='2.2.16'>
      <properties size='1'>
        <property name='download.size' value='1535079'/>
      </properties>
    </artifact>
    <artifact classifier='osgi.bundle' id='org.eclipse.equinox.common' version='3.16.0.v20220211-2322'>
      <properties size='1'>
        <property name='download.size' value='147961'/>
      </properties>
    </artifact>
    <artifact classifier='osgi.bundle' id='fr.lip6.move.gal.ltsmin.binaries' version='1.0.0.202205111006'>
      <properties size='1'>
        <property name='download.size' value='5040355'/>
      </properties>
      <repositoryProperties size='1'>
        <property name='artifact.folder' value='true'/>
      </repositoryProperties>
    </artifact>
    <artifact classifier='osgi.bundle' id='org.eclipse.core.runtime' version='3.24.100.v20220211-2001'>
      <properties size='1'>
        <property name='download.size' value='72501'/>
      </properties>
    </artifact>
    <artifact classifier='osgi.bundle' id='org.eclipse.osgi' version='3.17.200.v20220215-2237'>
      <properties size='1'>
        <property name='download.size' value='1528289'/>
      </properties>
    </artifact>
    <artifact classifier='osgi.bundle' id='org.eclipse.xtext' version='2.26.0.v20220228-0751'>
      <properties size='1'>
        <property name='download.size' value='2746908'/>
      </properties>
    </artifact>
    <artifact classifier='osgi.bundle' id='fr.lip6.pnml.framework.3rdpartimports' version='2.2.16'>
      <properties size='1'>
        <property name='download.size' value='9978734'/>
      </properties>
    </artifact>
    <artifact classifier='osgi.bundle' id='org.eclipse.emf.ecore.xmi' version='2.16.0.v20190528-0725'>
      <properties size='1'>
        <property name='download.size' value='235065'/>
      </properties>
    </artifact>
    <artifact classifier='osgi.bundle' id='fr.lip6.move.gal.itstools.binaries' version='1.0.0.202205111006'>
      <properties size='1'>
        <property name='download.size' value='42280752'/>
      </properties>
      <repositoryProperties size='1'>
        <property name='artifact.folder' value='true'/>
      </repositoryProperties>
    </artifact>
    <artifact classifier='osgi.bundle' id='fr.lip6.move.gal.application.pnmcc' version='1.0.0.202205111006'>
      <properties size='1'>
        <property name='download.size' value='203236'/>
      </properties>
    </artifact>
    <artifact classifier='osgi.bundle' id='javax.inject' version='1.0.0.v20091030'>
      <properties size='1'>
        <property name='download.size' value='14411'/>
      </properties>
    </artifact>
    <artifact classifier='osgi.bundle' id='org.eclipse.xtend.lib.macro' version='2.26.0.v20220228-0748'>
      <properties size='1'>
        <property name='download.size' value='77887'/>
      </properties>
    </artifact>
    <artifact classifier='osgi.bundle' id='org.eclipse.core.jobs' version='3.12.100.v20220120-1329'>
      <properties size='1'>
        <property name='download.size' value='110846'/>
      </properties>
    </artifact>
    <artifact classifier='osgi.bundle' id='com.google.inject' version='5.0.1.v20210324-2015'>
      <properties size='1'>
        <property name='download.size' value='822072'/>
      </properties>
    </artifact>
    <artifact classifier='osgi.bundle' id='org.eclipse.emf.ecore' version='2.26.0.v20220123-0838'>
      <properties size='1'>
        <property name='download.size' value='1321648'/>
      </properties>
    </artifact>
    <artifact classifier='osgi.bundle' id='fr.lip6.move.gal.structural' version='1.0.0.202205111006'>
      <properties size='1'>
        <property name='download.size' value='253396'/>
      </properties>
    </artifact>
    <artifact classifier='osgi.bundle' id='org.antlr.runtime' version='4.7.2.v20200218-0804'>
      <properties size='1'>
        <property name='download.size' value='362799'/>
      </properties>
    </artifact>
    <artifact classifier='osgi.bundle' id='org.apache.log4j' version='1.2.19.v20220208-1728'>
      <properties size='1'>
        <property name='download.size' value='367021'/>
      </properties>
    </artifact>
    <artifact classifier='osgi.bundle' id='org.aopalliance' version='1.0.0.v201105210816'>
      <properties size='1'>
        <property name='download.size' value='13363'/>
      </properties>
    </artifact>
    <artifact classifier='osgi.bundle' id='fr.lip6.move.gal.louvain' version='1.0.0.202205111006'>
      <properties size='1'>
        <property name='download.size' value='9839'/>
      </properties>
    </artifact>
    <artifact classifier='osgi.bundle' id='org.eclipse.equinox.preferences' version='3.9.100.v20211021-1418'>
      <properties size='1'>
        <property name='download.size' value='139561'/>
      </properties>
    </artifact>
    <artifact classifier='osgi.bundle' id='org.eclipse.equinox.registry' version='3.11.100.v20211021-1418'>
      <properties size='1'>
        <property name='download.size' value='199070'/>
      </properties>
    </artifact>
    <artifact classifier='osgi.bundle' id='fr.lip6.ltl.jhoaf' version='1.0.0.202205111006'>
      <properties size='1'>
        <property name='download.size' value='155255'/>
      </properties>
    </artifact>
    <artifact classifier='osgi.bundle' id='fr.lip6.move.gal.pnml.saxparse' version='1.0.0.202205111006'>
      <properties size='1'>
        <property name='download.size' value='10916'/>
      </properties>
    </artifact>
    <artifact classifier='osgi.bundle' id='fr.lip6.move.gal.nupn' version='1.0.0.202205111006'>
      <properties size='1'>
        <property name='download.size' value='9354'/>
      </properties>
    </artifact>
    <artifact classifier='osgi.bundle' id='org.logicng' version='1.0.0.202205111006'>
      <properties size='1'>
        <property name='download.size' value='699294'/>
      </properties>
    </artifact>
    <artifact classifier='osgi.bundle' id='fr.lip6.move.gal.logic' version='1.0.0.202205111006'>
      <properties size='1'>
        <property name='download.size' value='329261'/>
      </properties>
    </artifact>
    <artifact classifier='osgi.bundle' id='fr.lip6.move.gal.gal2pins' version='1.0.0.202205111006'>
      <properties size='1'>
        <property name='download.size' value='32019'/>
      </properties>
    </artifact>
    <artifact classifier='osgi.bundle' id='fr.lip6.ltl.tgba' version='1.0.0.202205111006'>
      <properties size='1'>
        <property name='download.size' value='29127'/>
      </properties>
    </artifact>
    <artifact classifier='osgi.bundle' id='org.eclipse.emf.common' version='2.24.0.v20220123-0838'>
      <properties size='1'>
        <property name='download.size' value='376354'/>
      </properties>
    </artifact>
    <artifact classifier='osgi.bundle' id='org.eclipse.core.contenttype' version='3.8.100.v20210910-0640'>
      <properties size='1'>
        <property name='download.size' value='102416'/>
      </properties>
    </artifact>
  </artifacts>
</repository>
